Daftar Guru,,,,,,,,,,,,,,,,,,,,,,,,,,,,,,,,,,,,,,,,,,,,,,,,,,,
SD NEGERI 3 SIGONG KECAMATAN LEMAHABANG,,,,,,,,,,,,,,,,,,,,,,,,,,,,,,,,,,,,,,,,,,,,,,,,,,,
"Kecamatan Kec. Lemah Abang, Kabupaten Kab. Cirebon, Provinsi Prov. Jawa Barat",,,,,,,,,,,,,,,,,,,,,,,,,,,,,,,,,,,,,,,,,,,,,,,,,,,
Tanggal Unduh: 2026-05-18 08:59:50,,Pengunduh: FAJAR SIDIK (sdntiga_sigong@yahoo.co.id),,,,,,,,,,,,,,,,,,,,,,,,,,,,,,,,,,,,,,,,,,,,,,,,,
No,Nama,NUPTK,JK,Tempat Lahir,Tanggal Lahir,NIP,Status Kepegawaian,Jenis PTK,Agama,Alamat Jalan,RT,RW,Nama Dusun,Desa/Kelurahan,Kecamatan,Kode Pos,Telepon,HP,Email,Tugas Tambahan,SK CPNS,Tanggal CPNS,SK Pengangkatan,TMT Pengangkatan,Lembaga Pengangkatan,Pangkat Golongan,Sumber Gaji,Nama Ibu Kandung,Status Perkawinan,Nama Suami/Istri,NIP Suami/Istri,Pekerjaan Suami/Istri,TMT PNS,Sudah Lisensi Kepala Sekolah,Pernah Diklat Kepengawasan,Keahlian Braille,Keahlian Bahasa Isyarat,NPWP,Nama Wajib Pajak,Kewarganegaraan,Bank,Nomor Rekening Bank,Rekening Atas Nama,NIK,No KK,Karpeg,Karis/Karsu,Lintang,Bujur,NUKS,
1,Aan Kusnandar Edi Saputra,0834760662200022,L,Cirebon,1982-05-02,198205022022211001,PPPK,Guru,Islam,Dusun 01  Rt.03  Rw.01,3,1,Dusun 1,SARAJAYA,Kec. Lemah Abang,45183,,085222333284,aan.sigong@yahoo.com,Koordinator P5,,,896/Kpts-SD/02/XX/I/2005,2005-01-01,Pemerintah Kab/Kota,IX,APBD Kabupaten/Kota,Rumsi,Kawin,Sofroh,,Lainnya,2022-02-01,Ya,Tidak,Tidak,Tidak,365897875426000          ,AAN KUSNANDAR EDI SAPUTRA,ID,,,,3209070205820004,,,,"-6,844512536","108,6431973",,Ya
2,DEVI MARTHA ASTUTI,9661773674230192,P,SLEMAN,1995-03-29,199503292024212005,PPPK,Guru,Islam,PERUM SINDANGLAUT INDAH NO.110,17,5,,CIPEUJEUH WETAN,Kec. Lemah Abang,,,082147851945,devimartha501@gmail.com,Koordinator P5,,2024-03-01,821/003.b/SMPN 2 Sule,2022-01-03,Pemerintah Kab/Kota,IX,APBD Kabupaten/Kota,MARIYAH,Belum Kawin,,,Lainnya,,Ya,Tidak,Tidak,Tidak,507887180455000          ,,ID,,,,3209076903950015,3209071609070567,,,,,,Ya
3,Imroatul Ajizah,1036766667130123,P,Cirebon,1988-07-04,198807042022212011,PPPK,Guru,Islam,Bulak Sari Blok Kliwon,1,5,Blok Kliwon,SINDANG LAUT,Kec. Lemah Abang,45183,,085236723682,ajizah.sigong@yahoo.com,Koordinator P5,,,816/3/VI/XX/2010,2010-06-12,Pemerintah Kab/Kota,IX,APBD Kabupaten/Kota,Rumsari,Kawin,MOHAMAD ACHFAD,,Lainnya,2022-03-01,Ya,Tidak,Tidak,Tidak,365948017426000          ,IMROATUL AJIZAH,ID,,,,3209074407880004,,,,,,,Ya
4,Rokisah,1635747650300042,P,Cirebon,1969-03-03,196903032007012014,PNS,Guru,Islam,Jl. Gg.Sawo Gebah Rt.03  Rw.07,3,7,Dusun 3,KARANGSUWUNG,Kec. Karang Sembung,45186,,082126613247,rokisahs@yahoo.com,Bendahara BOS/BOP,813.2/Kpts.154/BKD/2007,2007-01-01,813/Kpts-010/Kepeg/2002,2002-01-01,Pemerintah Kab/Kota,III/d,APBD Kabupaten/Kota,Ecih,Kawin,Haerudin,196003171987031005,PNS/TNI/Polri,2008-10-01,Ya,Tidak,Tidak,Tidak,488801333426000          ,,ID,,,,3209064303690009,,,,,,,Ya
5,Saefudin Alfarisi,2549762664200013,L,CIREBON,1984-12-17,198412172011011007,PNS,Guru,Islam,Jl. Taman Duta 2 Kompek Pondok Duta 1,9,14,,Tugu,Kec. Cimanggis,16451,0,085313409991,obeffalfarisi@gmail.com,,821.12/Kep.201/BKD/2012,2011-01-01,421.1/SK-018/SD/2005,2005-07-19,Kepala Sekolah,III/b,APBN,SUPINAH,Kawin,imas sittin maslakhah,198403312010012005,Lainnya,2012-10-01,Tidak,Tidak,Tidak,Tidak,457989465426000          ,,ID,,,,3209081712840003,,,,,,,Ya
6,Sahadah,2059747650300043,P,Cirebon,1969-07-27,196907272021212002,PPPK,Guru,Islam,Jl. Pelita Dusun 3   Rt.23  Rw.06,23,6,,SIGONG,Kec. Lemah Abang,45183,,0895619488593,sahadah.sigong@yahoo.com,Koordinator P5,,2021-01-01,896/Kpts-SD/XX/I/2005,2005-01-01,Pemerintah Kab/Kota,IX,APBD Kabupaten/Kota,Darsih,Janda/Duda,,,Lainnya,2021-01-01,Ya,Tidak,Tidak,Tidak,365899772426000          ,SAHADAH,ID,,,,3209076707690001,,,,,,,Ya
7,SAMROTUL JANNAH,1638769670130112,P,Cirebon,1991-03-06,199103062024212021,PPPK,Guru,Islam,Dusun 04,,,,Cipeujeuh Wetan,Cipeujeuh Wetan,45183,,081931256033,tknegerilemahabang10-samrotuljannah@yahoo.com,,,,421.1/27/S.Kep/TKN.LA/2018,2018-07-16,Pemerintah Kab/Kota,IX,APBD Kabupaten/Kota,Ruhanah,Kawin,Ajat Sudrajat,,Wiraswasta,2024-03-01,Tidak,Tidak,Tidak,Tidak,966674400455000          ,SAMROTUL JANNAH,ID,,,,3209074603910006,3209070310140003,,,,,,Ya
8,Watiah,8135744647300023,P,Cirebon,1966-08-03,196608031988092001,PNS,Guru,Islam,Jl. Pelita,22,6,03,Sigong,Kec. Lemah Abang,45183,,082126938199,w19704394@gmail.com,,813/SK.5195-D/Peg/1988,1988-09-01,813/SK.5195-D/Peg/1988,1988-09-01,Pemerintah Propinsi,IV/b,APBD Kabupaten/Kota,Tayi,Kawin,Ihsonadi,196303071984101001,Sudah Meninggal,1989-11-01,Tidak,Tidak,Tidak,Tidak,488801655426000          ,,ID,,,,3209074308660004,,,,,,,Ya